frame,type,left,reference,left_label,reference_label,iou
adasind_152940.jpg,mismatching_attributes,4,1,Bike,Bike,0.804
adasind_152940.jpg,missing_annotation,,5,,Truck,N/A
adasind_152940.jpg,missing_annotation,,6,,ThreeWheeler,N/A
adasind_167700.jpg,mismatching_attributes,2,3,Pedestrian,Pedestrian,0.885
adasind_167700.jpg,mismatching_attributes,9,6,ThreeWheeler,ThreeWheeler,0.835
adasind_167700.jpg,mismatching_label,4,4,Truck,Car,0.774
adasind_167700.jpg,mismatching_attributes,10,5,Bike,Bike,0.647
adasind_167700.jpg,mismatching_attributes,3,9,Bike,Bike,0.572
adasind_167700.jpg,extra_annotation,6,,ThreeWheeler,,N/A
adasind_167700.jpg,missing_annotation,,2,,Bike,N/A
adasind_167700.jpg,missing_annotation,,8,,Truck,N/A
adasind_212280.jpg,mismatching_attributes,3,3,Bus,Bus,0.940
